{
  "getTransactionSummaryByPeriod" : {
    "transaction" : "getTransactionSummaryByPeriod",
    "sampleCount" : 3,
    "errorCount" : 3,
    "errorPct" : 100.0,
    "meanResTime" : 30142.0,
    "minResTime" : 30138.0,
    "maxResTime" : 30148.0,
    "pct1ResTime" : 30148.0,
    "pct2ResTime" : 30148.0,
    "pct3ResTime" : 30148.0,
    "throughput" : 0.02887475095527301,
    "receivedKBytesPerSec" : 0.008121023706170533,
    "sentKBytesPerSec" : 0.021035707238900064
  },
  "getScoredTransactionSummaryByJournal" : {
    "transaction" : "getScoredTransactionSummaryByJournal",
    "sampleCount" : 3,
    "errorCount" : 3,
    "errorPct" : 100.0,
    "meanResTime" : 30135.0,
    "minResTime" : 30130.0,
    "maxResTime" : 30144.0,
    "pct1ResTime" : 30144.0,
    "pct2ResTime" : 30144.0,
    "pct3ResTime" : 30144.0,
    "throughput" : 0.028877808366863676,
    "receivedKBytesPerSec" : 0.00812188360318041,
    "sentKBytesPerSec" : 0.020220106053751227
  },
  "(Parent) Generic AAI APIs" : {
    "transaction" : "(Parent) Generic AAI APIs",
    "sampleCount" : 3,
    "errorCount" : 0,
    "errorPct" : 0.0,
    "meanResTime" : 1064.6666666666667,
    "minResTime" : 621.0,
    "maxResTime" : 1889.0,
    "pct1ResTime" : 1889.0,
    "pct2ResTime" : 1889.0,
    "pct3ResTime" : 1889.0,
    "throughput" : 0.040203159968373516,
    "receivedKBytesPerSec" : 0.07027700814784042,
    "sentKBytesPerSec" : 0.08711993356427816
  },
  "getLookupList - USER" : {
    "transaction" : "getLookupList - USER",
    "sampleCount" : 3,
    "errorCount" : 0,
    "errorPct" : 0.0,
    "meanResTime" : 734.3333333333334,
    "minResTime" : 612.0,
    "maxResTime" : 815.0,
    "pct1ResTime" : 815.0,
    "pct2ResTime" : 815.0,
    "pct3ResTime" : 815.0,
    "throughput" : 0.0402808920874901,
    "receivedKBytesPerSec" : 0.019629067530915582,
    "sentKBytesPerSec" : 0.02513622074600212
  },
  "(Parent) Collab Login" : {
    "transaction" : "(Parent) Collab Login",
    "sampleCount" : 1,
    "errorCount" : 0,
    "errorPct" : 0.0,
    "meanResTime" : 2309.0,
    "minResTime" : 2309.0,
    "maxResTime" : 2309.0,
    "pct1ResTime" : 2309.0,
    "pct2ResTime" : 2309.0,
    "pct3ResTime" : 2309.0,
    "throughput" : 0.43308791684711995,
    "receivedKBytesPerSec" : 3.288338431139021,
    "sentKBytesPerSec" : 0.7219541738847985
  },
  "Login_111 /qa-ihub-clean/CWCoreService/restricted/SessionService.svc/Login" : {
    "transaction" : "Login_111 /qa-ihub-clean/CWCoreService/restricted/SessionService.svc/Login",
    "sampleCount" : 1,
    "errorCount" : 0,
    "errorPct" : 0.0,
    "meanResTime" : 2309.0,
    "minResTime" : 2309.0,
    "maxResTime" : 2309.0,
    "pct1ResTime" : 2309.0,
    "pct2ResTime" : 2309.0,
    "pct3ResTime" : 2309.0,
    "throughput" : 0.43308791684711995,
    "receivedKBytesPerSec" : 3.288338431139021,
    "sentKBytesPerSec" : 0.7219541738847985
  },
  "getQueryList" : {
    "transaction" : "getQueryList",
    "sampleCount" : 3,
    "errorCount" : 0,
    "errorPct" : 0.0,
    "meanResTime" : 201.0,
    "minResTime" : 154.0,
    "maxResTime" : 285.0,
    "pct1ResTime" : 285.0,
    "pct2ResTime" : 285.0,
    "pct3ResTime" : 285.0,
    "throughput" : 0.04061573453555908,
    "receivedKBytesPerSec" : 0.1551780196106305,
    "sentKBytesPerSec" : 0.024353575200032493
  },
  "getAppInfo" : {
    "transaction" : "getAppInfo",
    "sampleCount" : 3,
    "errorCount" : 0,
    "errorPct" : 0.0,
    "meanResTime" : 167.66666666666669,
    "minResTime" : 25.0,
    "maxResTime" : 451.0,
    "pct1ResTime" : 451.0,
    "pct2ResTime" : 451.0,
    "pct3ResTime" : 451.0,
    "throughput" : 0.040919320739275726,
    "receivedKBytesPerSec" : 0.011508558957921298,
    "sentKBytesPerSec" : 0.02137874667530519
  },
  "getLatestDataset" : {
    "transaction" : "getLatestDataset",
    "sampleCount" : 3,
    "errorCount" : 0,
    "errorPct" : 0.0,
    "meanResTime" : 172.33333333333334,
    "minResTime" : 74.0,
    "maxResTime" : 336.0,
    "pct1ResTime" : 336.0,
    "pct2ResTime" : 336.0,
    "pct3ResTime" : 336.0,
    "throughput" : 0.04111278607646978,
    "receivedKBytesPerSec" : 0.01718385980539948,
    "sentKBytesPerSec" : 0.021720719987666164
  },
  "getLoginInfo" : {
    "transaction" : "getLoginInfo",
    "sampleCount" : 3,
    "errorCount" : 0,
    "errorPct" : 0.0,
    "meanResTime" : 664.6666666666666,
    "minResTime" : 440.0,
    "maxResTime" : 1031.0,
    "pct1ResTime" : 1031.0,
    "pct2ResTime" : 1031.0,
    "pct3ResTime" : 1031.0,
    "throughput" : 0.040364898684104304,
    "receivedKBytesPerSec" : 0.02160152781141519,
    "sentKBytesPerSec" : 0.021956297428755954
  },
  "getScoredTransactionList" : {
    "transaction" : "getScoredTransactionList",
    "sampleCount" : 3,
    "errorCount" : 3,
    "errorPct" : 100.0,
    "meanResTime" : 30138.333333333332,
    "minResTime" : 30137.0,
    "maxResTime" : 30140.0,
    "pct1ResTime" : 30140.0,
    "pct2ResTime" : 30140.0,
    "pct3ResTime" : 30140.0,
    "throughput" : 0.028874195131810703,
    "receivedKBytesPerSec" : 0.00812086738082176,
    "sentKBytesPerSec" : 0.019907404065486675
  },
  "getLookupList - ACCOUNT" : {
    "transaction" : "getLookupList - ACCOUNT",
    "sampleCount" : 3,
    "errorCount" : 0,
    "errorPct" : 0.0,
    "meanResTime" : 184.66666666666666,
    "minResTime" : 124.0,
    "maxResTime" : 274.0,
    "pct1ResTime" : 274.0,
    "pct2ResTime" : 274.0,
    "pct3ResTime" : 274.0,
    "throughput" : 0.04064269650743762,
    "receivedKBytesPerSec" : 0.022305854919121036,
    "sentKBytesPerSec" : 0.0254810655837646
  },
  "getAllSliceStatuses" : {
    "transaction" : "getAllSliceStatuses",
    "sampleCount" : 3,
    "errorCount" : 0,
    "errorPct" : 0.0,
    "meanResTime" : 199.33333333333334,
    "minResTime" : 151.0,
    "maxResTime" : 230.0,
    "pct1ResTime" : 230.0,
    "pct2ResTime" : 230.0,
    "pct3ResTime" : 230.0,
    "throughput" : 0.04061078622482131,
    "receivedKBytesPerSec" : 0.028792412889863547,
    "sentKBytesPerSec" : 0.0240333363791423
  },
  "getQuerySummary" : {
    "transaction" : "getQuerySummary",
    "sampleCount" : 3,
    "errorCount" : 3,
    "errorPct" : 100.0,
    "meanResTime" : 30282.666666666668,
    "minResTime" : 30113.0,
    "maxResTime" : 30426.0,
    "pct1ResTime" : 30426.0,
    "pct2ResTime" : 30426.0,
    "pct3ResTime" : 30426.0,
    "throughput" : 0.02879327389121901,
    "receivedKBytesPerSec" : 0.008098108281905346,
    "sentKBytesPerSec" : 0.019570428347937922
  },
  "Total" : {
    "transaction" : "Total",
    "sampleCount" : 52,
    "errorCount" : 24,
    "errorPct" : 46.153847,
    "meanResTime" : 14194.769230769232,
    "minResTime" : 25.0,
    "maxResTime" : 30500.0,
    "pct1ResTime" : 30173.9,
    "pct2ResTime" : 30365.55,
    "pct3ResTime" : 30500.0,
    "throughput" : 0.4261072643094194,
    "receivedKBytesPerSec" : 0.5020412304871553,
    "sentKBytesPerSec" : 0.45896476932847136
  },
  "getScoredTransactionSummaryByEnteredBy" : {
    "transaction" : "getScoredTransactionSummaryByEnteredBy",
    "sampleCount" : 3,
    "errorCount" : 3,
    "errorPct" : 100.0,
    "meanResTime" : 30142.0,
    "minResTime" : 30137.0,
    "maxResTime" : 30149.0,
    "pct1ResTime" : 30149.0,
    "pct2ResTime" : 30149.0,
    "pct3ResTime" : 30149.0,
    "throughput" : 0.028883925132866056,
    "receivedKBytesPerSec" : 0.008123603943618577,
    "sentKBytesPerSec" : 0.02028080290090888
  },
  "getLookupList - JOURNAL" : {
    "transaction" : "getLookupList - JOURNAL",
    "sampleCount" : 3,
    "errorCount" : 0,
    "errorPct" : 0.0,
    "meanResTime" : 1440.6666666666667,
    "minResTime" : 975.0,
    "maxResTime" : 1702.0,
    "pct1ResTime" : 1702.0,
    "pct2ResTime" : 1702.0,
    "pct3ResTime" : 1702.0,
    "throughput" : 0.039782522211908235,
    "receivedKBytesPerSec" : 0.02136756564116165,
    "sentKBytesPerSec" : 0.024941776621137782
  },
  "getScoredTransactionSummaryByRiskLevel" : {
    "transaction" : "getScoredTransactionSummaryByRiskLevel",
    "sampleCount" : 3,