{
  "getTransactionSummaryByPeriod" : {
    "transaction" : "getTransactionSummaryByPeriod",
    "sampleCount" : 3,
    "errorCount" : 3,
    "errorPct" : 100.0,
    "meanResTime" : 30296.666666666668,
    "minResTime" : 30141.0,
    "maxResTime" : 30594.0,
    "pct1ResTime" : 30594.0,
    "pct2ResTime" : 30594.0,
    "pct3ResTime" : 30594.0,
    "throughput" : 0.029547334830398297,
    "receivedKBytesPerSec" : 0.008310187921049522,
    "sentKBytesPerSec" : 0.021525695101051887
  },
  "getScoredTransactionSummaryByJournal" : {
    "transaction" : "getScoredTransactionSummaryByJournal",
    "sampleCount" : 3,
    "errorCount" : 3,
    "errorPct" : 100.0,
    "meanResTime" : 30134.666666666668,
    "minResTime" : 30124.0,
    "maxResTime" : 30146.0,
    "pct1ResTime" : 30146.0,
    "pct2ResTime" : 30146.0,
    "pct3ResTime" : 30146.0,
    "throughput" : 0.02968093000247341,
    "receivedKBytesPerSec" : 0.008347761563195647,
    "sentKBytesPerSec" : 0.020782448058372496
  },
  "(Parent) Generic AAI APIs" : {
    "transaction" : "(Parent) Generic AAI APIs",
    "sampleCount" : 3,
    "errorCount" : 0,
    "errorPct" : 0.0,
    "meanResTime" : 1123.6666666666667,
    "minResTime" : 609.0,
    "maxResTime" : 2148.0,
    "pct1ResTime" : 2148.0,
    "pct2ResTime" : 2148.0,
    "pct3ResTime" : 2148.0,
    "throughput" : 0.04018646519852114,
    "receivedKBytesPerSec" : 0.0702085803126507,
    "sentKBytesPerSec" : 0.08708375612843594
  },
  "getLookupList - USER" : {
    "transaction" : "getLookupList - USER",
    "sampleCount" : 3,
    "errorCount" : 0,
    "errorPct" : 0.0,
    "meanResTime" : 520.6666666666666,
    "minResTime" : 486.0,
    "maxResTime" : 566.0,
    "pct1ResTime" : 566.0,
    "pct2ResTime" : 566.0,
    "pct3ResTime" : 566.0,
    "throughput" : 0.04194572223542736,
    "receivedKBytesPerSec" : 0.02044034706589673,
    "sentKBytesPerSec" : 0.026175113777771562
  },
  "(Parent) Collab Login" : {
    "transaction" : "(Parent) Collab Login",
    "sampleCount" : 1,
    "errorCount" : 0,
    "errorPct" : 0.0,
    "meanResTime" : 1933.0,
    "minResTime" : 1933.0,
    "maxResTime" : 1933.0,
    "pct1ResTime" : 1933.0,
    "pct2ResTime" : 1933.0,
    "pct3ResTime" : 1933.0,
    "throughput" : 0.5173305742369374,
    "receivedKBytesPerSec" : 3.935551927056389,
    "sentKBytesPerSec" : 0.8623860256078634
  },
  "Login_111 /qa-ihub-clean/CWCoreService/restricted/SessionService.svc/Login" : {
    "transaction" : "Login_111 /qa-ihub-clean/CWCoreService/restricted/SessionService.svc/Login",
    "sampleCount" : 1,
    "errorCount" : 0,
    "errorPct" : 0.0,
    "meanResTime" : 1933.0,
    "minResTime" : 1933.0,
    "maxResTime" : 1933.0,
    "pct1ResTime" : 1933.0,
    "pct2ResTime" : 1933.0,
    "pct3ResTime" : 1933.0,
    "throughput" : 0.5173305742369374,
    "receivedKBytesPerSec" : 3.935551927056389,
    "sentKBytesPerSec" : 0.8623860256078634
  },
  "getQueryList" : {
    "transaction" : "getQueryList",
    "sampleCount" : 3,
    "errorCount" : 0,
    "errorPct" : 0.0,
    "meanResTime" : 154.33333333333334,
    "minResTime" : 141.0,
    "maxResTime" : 176.0,
    "pct1ResTime" : 176.0,
    "pct2ResTime" : 176.0,
    "pct3ResTime" : 176.0,
    "throughput" : 0.042178075836180356,
    "receivedKBytesPerSec" : 0.16103732144614563,
    "sentKBytesPerSec" : 0.025290369690834705
  },
  "getAppInfo" : {
    "transaction" : "getAppInfo",
    "sampleCount" : 3,
    "errorCount" : 0,
    "errorPct" : 0.0,
    "meanResTime" : 360.66666666666663,
    "minResTime" : 26.0,
    "maxResTime" : 1028.0,
    "pct1ResTime" : 1028.0,
    "pct2ResTime" : 1028.0,
    "pct3ResTime" : 1028.0,
    "throughput" : 0.04074038866330785,
    "receivedKBytesPerSec" : 0.011458234311555331,
    "sentKBytesPerSec" : 0.02128526165514619
  },
  "getLatestDataset" : {
    "transaction" : "getLatestDataset",
    "sampleCount" : 3,
    "errorCount" : 0,
    "errorPct" : 0.0,
    "meanResTime" : 79.66666666666667,
    "minResTime" : 67.0,
    "maxResTime" : 101.0,
    "pct1ResTime" : 101.0,
    "pct2ResTime" : 101.0,
    "pct3ResTime" : 101.0,
    "throughput" : 0.04127682993946065,
    "receivedKBytesPerSec" : 0.017212115609521187,
    "sentKBytesPerSec" : 0.021807387692625205
  },
  "getLoginInfo" : {
    "transaction" : "getLoginInfo",
    "sampleCount" : 3,
    "errorCount" : 0,
    "errorPct" : 0.0,
    "meanResTime" : 613.0,
    "minResTime" : 469.0,
    "maxResTime" : 898.0,
    "pct1ResTime" : 898.0,
    "pct2ResTime" : 898.0,
    "pct3ResTime" : 898.0,
    "throughput" : 0.040263592317706584,
    "receivedKBytesPerSec" : 0.021547313076272664,
    "sentKBytesPerSec" : 0.02190119230562751
  },
  "getScoredTransactionList" : {
    "transaction" : "getScoredTransactionList",
    "sampleCount" : 3,
    "errorCount" : 3,
    "errorPct" : 100.0,
    "meanResTime" : 30153.666666666668,
    "minResTime" : 30142.0,
    "maxResTime" : 30162.0,
    "pct1ResTime" : 30162.0,
    "pct2ResTime" : 30162.0,
    "pct3ResTime" : 30162.0,
    "throughput" : 0.029673884014678683,
    "receivedKBytesPerSec" : 0.008345779879128379,
    "sentKBytesPerSec" : 0.020458752064807764
  },
  "getLookupList - ACCOUNT" : {
    "transaction" : "getLookupList - ACCOUNT",
    "sampleCount" : 3,
    "errorCount" : 0,
    "errorPct" : 0.0,
    "meanResTime" : 157.33333333333334,
    "minResTime" : 140.0,
    "maxResTime" : 186.0,
    "pct1ResTime" : 186.0,
    "pct2ResTime" : 186.0,
    "pct3ResTime" : 186.0,
    "throughput" : 0.0421792618629174,
    "receivedKBytesPerSec" : 0.023149165202108964,
    "sentKBytesPerSec" : 0.026444420035149387
  },
  "getAllSliceStatuses" : {
    "transaction" : "getAllSliceStatuses",
    "sampleCount" : 3,
    "errorCount" : 0,
    "errorPct" : 0.0,
    "meanResTime" : 183.33333333333334,
    "minResTime" : 155.0,
    "maxResTime" : 223.0,
    "pct1ResTime" : 223.0,
    "pct2ResTime" : 223.0,
    "pct3ResTime" : 223.0,
    "throughput" : 0.04217688987614053,
    "receivedKBytesPerSec" : 0.029902755908279323,
    "sentKBytesPerSec" : 0.024960151625919105
  },
  "getQuerySummary" : {
    "transaction" : "getQuerySummary",
    "sampleCount" : 3,
    "errorCount" : 3,
    "errorPct" : 100.0,
    "meanResTime" : 30132.333333333332,
    "minResTime" : 30112.0,
    "maxResTime" : 30143.0,
    "pct1ResTime" : 30143.0,
    "pct2ResTime" : 30143.0,
    "pct3ResTime" : 30143.0,
    "throughput" : 0.02968856693287415,
    "receivedKBytesPerSec" : 0.008349909449870855,
    "sentKBytesPerSec" : 0.020178947837187898
  },
  "Total" : {
    "transaction" : "Total",
    "sampleCount" : 52,
    "errorCount" : 19,
    "errorPct" : 36.53846,
    "meanResTime" : 14104.076923076926,
    "minResTime" : 26.0,
    "maxResTime" : 30602.0,
    "pct1ResTime" : 30162.7,
    "pct2ResTime" : 30336.6,
    "pct3ResTime" : 30602.0,
    "throughput" : 0.4362050163576881,
    "receivedKBytesPerSec" : 0.5244732903070213,
    "sentKBytesPerSec" : 0.46984116789698854
  },
  "getScoredTransactionSummaryByEnteredBy" : {
    "transaction" : "getScoredTransactionSummaryByEnteredBy",
    "sampleCount" : 3,
    "errorCount" : 3,
    "errorPct" : 100.0,
    "meanResTime" : 30143.666666666668,
    "minResTime" : 30114.0,
    "maxResTime" : 30165.0,
    "pct1ResTime" : 30165.0,
    "pct2ResTime" : 30165.0,
    "pct3ResTime" : 30165.0,
    "throughput" : 0.029669481970844788,
    "receivedKBytesPerSec" : 0.008344541804300096,
    "sentKBytesPerSec" : 0.02083238040726309
  },
  "getLookupList - JOURNAL" : {
    "transaction" : "getLookupList - JOURNAL",
    "sampleCount" : 3,
    "errorCount" : 0,
    "errorPct" : 0.0,
    "meanResTime" : 798.3333333333334,
    "minResTime" : 688.0,
    "maxResTime" : 888.0,
    "pct1ResTime" : 888.0,
    "pct2ResTime" : 888.0,
    "pct3ResTime" : 888.0,
    "throughput" : 0.04188189306156638,
    "receivedKBytesPerSec" : 0.022495157406114758,
    "sentKBytesPerSec" : 0.026257983735864864
  },