{
  "getTransactionSummaryByPeriod" : {
    "transaction" : "getTransactionSummaryByPeriod",
    "sampleCount" : 3,
    "errorCount" : 3,
    "errorPct" : 100.0,
    "meanResTime" : 30146.666666666668,
    "minResTime" : 30136.0,
    "maxResTime" : 30161.0,
    "pct1ResTime" : 30161.0,
    "pct2ResTime" : 30161.0,
    "pct3ResTime" : 30161.0,
    "throughput" : 0.029278575890068707,
    "receivedKBytesPerSec" : 0.008234599469081824,
    "sentKBytesPerSec" : 0.021329900013663337
  },
  "getScoredTransactionSummaryByJournal" : {
    "transaction" : "getScoredTransactionSummaryByJournal",
    "sampleCount" : 3,
    "errorCount" : 3,
    "errorPct" : 100.0,
    "meanResTime" : 30153.666666666668,
    "minResTime" : 30142.0,
    "maxResTime" : 30168.0,
    "pct1ResTime" : 30168.0,
    "pct2ResTime" : 30168.0,
    "pct3ResTime" : 30168.0,
    "throughput" : 0.029278290147855365,
    "receivedKBytesPerSec" : 0.008234519104084322,
    "sentKBytesPerSec" : 0.020500521519543256
  },
  "(Parent) Generic AAI APIs" : {
    "transaction" : "(Parent) Generic AAI APIs",
    "sampleCount" : 3,
    "errorCount" : 0,
    "errorPct" : 0.0,
    "meanResTime" : 1055.6666666666667,
    "minResTime" : 628.0,
    "maxResTime" : 1787.0,
    "pct1ResTime" : 1787.0,
    "pct2ResTime" : 1787.0,
    "pct3ResTime" : 1787.0,
    "throughput" : 0.03892716727003776,
    "receivedKBytesPerSec" : 0.06800849828720465,
    "sentKBytesPerSec" : 0.08435486735567753
  },
  "getLookupList - USER" : {
    "transaction" : "getLookupList - USER",
    "sampleCount" : 3,
    "errorCount" : 0,
    "errorPct" : 0.0,
    "meanResTime" : 787.3333333333334,
    "minResTime" : 512.0,
    "maxResTime" : 989.0,
    "pct1ResTime" : 989.0,
    "pct2ResTime" : 989.0,
    "pct3ResTime" : 989.0,
    "throughput" : 0.04092155338216639,
    "receivedKBytesPerSec" : 0.019941264782911156,
    "sentKBytesPerSec" : 0.025536008409379217
  },
  "(Parent) Collab Login" : {
    "transaction" : "(Parent) Collab Login",
    "sampleCount" : 1,
    "errorCount" : 0,
    "errorPct" : 0.0,
    "meanResTime" : 2211.0,
    "minResTime" : 2211.0,
    "maxResTime" : 2211.0,
    "pct1ResTime" : 2211.0,
    "pct2ResTime" : 2211.0,
    "pct3ResTime" : 2211.0,
    "throughput" : 0.4522840343735866,
    "receivedKBytesPerSec" : 3.4530825983717777,
    "sentKBytesPerSec" : 0.7539539518317504
  },
  "Login_111 /qa-ihub-clean/CWCoreService/restricted/SessionService.svc/Login" : {
    "transaction" : "Login_111 /qa-ihub-clean/CWCoreService/restricted/SessionService.svc/Login",
    "sampleCount" : 1,
    "errorCount" : 0,
    "errorPct" : 0.0,
    "meanResTime" : 2211.0,
    "minResTime" : 2211.0,
    "maxResTime" : 2211.0,
    "pct1ResTime" : 2211.0,
    "pct2ResTime" : 2211.0,
    "pct3ResTime" : 2211.0,
    "throughput" : 0.4522840343735866,
    "receivedKBytesPerSec" : 3.4530825983717777,
    "sentKBytesPerSec" : 0.7539539518317504
  },
  "getQueryList" : {
    "transaction" : "getQueryList",
    "sampleCount" : 3,
    "errorCount" : 0,
    "errorPct" : 0.0,
    "meanResTime" : 151.66666666666666,
    "minResTime" : 136.0,
    "maxResTime" : 167.0,
    "pct1ResTime" : 167.0,
    "pct2ResTime" : 167.0,
    "pct3ResTime" : 167.0,
    "throughput" : 0.04137018037398643,
    "receivedKBytesPerSec" : 0.15896276339014836,
    "sentKBytesPerSec" : 0.024805947997683268
  },
  "getAppInfo" : {
    "transaction" : "getAppInfo",
    "sampleCount" : 3,
    "errorCount" : 0,
    "errorPct" : 0.0,
    "meanResTime" : 169.0,
    "minResTime" : 25.0,
    "maxResTime" : 454.0,
    "pct1ResTime" : 454.0,
    "pct2ResTime" : 454.0,
    "pct3ResTime" : 454.0,
    "throughput" : 0.03952881650723377,
    "receivedKBytesPerSec" : 0.011117479642659498,
    "sentKBytesPerSec" : 0.020652262530634832
  },
  "getLatestDataset" : {
    "transaction" : "getLatestDataset",
    "sampleCount" : 3,
    "errorCount" : 0,
    "errorPct" : 0.0,
    "meanResTime" : 189.33333333333334,
    "minResTime" : 98.0,
    "maxResTime" : 307.0,
    "pct1ResTime" : 307.0,
    "pct2ResTime" : 307.0,
    "pct3ResTime" : 307.0,
    "throughput" : 0.0396814899076744,
    "receivedKBytesPerSec" : 0.01654687127986032,
    "sentKBytesPerSec" : 0.020964537148488133
  },
  "getLoginInfo" : {
    "transaction" : "getLoginInfo",
    "sampleCount" : 3,
    "errorCount" : 0,
    "errorPct" : 0.0,
    "meanResTime" : 609.6666666666666,
    "minResTime" : 457.0,
    "maxResTime" : 908.0,
    "pct1ResTime" : 908.0,
    "pct2ResTime" : 908.0,
    "pct3ResTime" : 908.0,
    "throughput" : 0.03907369298496965,
    "receivedKBytesPerSec" : 0.020910531011487665,
    "sentKBytesPerSec" : 0.021253952141238375
  },
  "getScoredTransactionList" : {
    "transaction" : "getScoredTransactionList",
    "sampleCount" : 3,
    "errorCount" : 3,
    "errorPct" : 100.0,
    "meanResTime" : 30148.666666666668,
    "minResTime" : 30127.0,
    "maxResTime" : 30175.0,
    "pct1ResTime" : 30175.0,
    "pct2ResTime" : 30175.0,
    "pct3ResTime" : 30175.0,
    "throughput" : 0.02927171961595504,
    "receivedKBytesPerSec" : 0.008232671141987355,
    "sentKBytesPerSec" : 0.020181478563344003
  },
  "getLookupList - ACCOUNT" : {
    "transaction" : "getLookupList - ACCOUNT",
    "sampleCount" : 3,
    "errorCount" : 0,
    "errorPct" : 0.0,
    "meanResTime" : 169.66666666666666,
    "minResTime" : 136.0,
    "maxResTime" : 235.0,
    "pct1ResTime" : 235.0,
    "pct2ResTime" : 235.0,
    "pct3ResTime" : 235.0,
    "throughput" : 0.04139301285942933,
    "receivedKBytesPerSec" : 0.022717649635741487,
    "sentKBytesPerSec" : 0.025951478765384402
  },
  "getAllSliceStatuses" : {
    "transaction" : "getAllSliceStatuses",
    "sampleCount" : 3,
    "errorCount" : 0,
    "errorPct" : 0.0,
    "meanResTime" : 198.33333333333334,
    "minResTime" : 161.0,
    "maxResTime" : 218.0,
    "pct1ResTime" : 218.0,
    "pct2ResTime" : 218.0,
    "pct3ResTime" : 218.0,
    "throughput" : 0.04135820339964432,
    "receivedKBytesPerSec" : 0.0293223199884197,
    "sentKBytesPerSec" : 0.02447565552752388
  },
  "getQuerySummary" : {
    "transaction" : "getQuerySummary",
    "sampleCount" : 3,
    "errorCount" : 3,
    "errorPct" : 100.0,
    "meanResTime" : 30143.333333333332,
    "minResTime" : 30137.0,
    "maxResTime" : 30149.0,
    "pct1ResTime" : 30149.0,
    "pct2ResTime" : 30149.0,
    "pct3ResTime" : 30149.0,
    "throughput" : 0.02928029046048137,
    "receivedKBytesPerSec" : 0.008235081692010385,
    "sentKBytesPerSec" : 0.01990144742235843
  },
  "Total" : {
    "transaction" : "Total",
    "sampleCount" : 52,
    "errorCount" : 24,
    "errorPct" : 46.153847,
    "meanResTime" : 14211.730769230768,
    "minResTime" : 25.0,
    "maxResTime" : 30204.0,
    "pct1ResTime" : 30165.9,
    "pct2ResTime" : 30173.05,
    "pct3ResTime" : 30204.0,
    "throughput" : 0.43986905436612334,
    "receivedKBytesPerSec" : 0.519692797461448,
    "sentKBytesPerSec" : 0.47378774309109517
  },
  "getScoredTransactionSummaryByEnteredBy" : {
    "transaction" : "getScoredTransactionSummaryByEnteredBy",
    "sampleCount" : 3,
    "errorCount" : 3,
    "errorPct" : 100.0,
    "meanResTime" : 30149.666666666668,
    "minResTime" : 30142.0,
    "maxResTime" : 30157.0,
    "pct1ResTime" : 30157.0,
    "pct2ResTime" : 30157.0,
    "pct3ResTime" : 30157.0,
    "throughput" : 0.02927571871889455,
    "receivedKBytesPerSec" : 0.008233795889689092,
    "sentKBytesPerSec" : 0.02055590015516131
  },
  "getLookupList - JOURNAL" : {
    "transaction" : "getLookupList - JOURNAL",
    "sampleCount" : 3,
    "errorCount" : 0,
    "errorPct" : 0.0,
    "meanResTime" : 2035.3333333333333,
    "minResTime" : 1384.0,
    "maxResTime" : 2371.0,
    "pct1ResTime" : 2371.0,
    "pct2ResTime" : 2371.0,
    "pct3ResTime" : 2371.0,
    "throughput" : 0.04017032216598378,
    "receivedKBytesPerSec" : 0.02157585663212019,
    "sentKBytesPerSec" : 0.025184909014220293
  },
  "getScoredTransactionSummaryByRiskLevel" : {
    "transaction" : "getScoredTransactionSummaryByRiskLevel",