{
  "getTransactionSummaryByPeriod" : {
    "transaction" : "getTransactionSummaryByPeriod",
    "sampleCount" : 3,
    "errorCount" : 3,
    "errorPct" : 100.0,
    "meanResTime" : 30169.333333333332,
    "minResTime" : 30138.0,
    "maxResTime" : 30205.0,
    "pct1ResTime" : 30205.0,
    "pct2ResTime" : 30205.0,
    "pct3ResTime" : 30205.0,
    "throughput" : 0.02854967643700038,
    "receivedKBytesPerSec" : 0.008029596497906357,
    "sentKBytesPerSec" : 0.020798885373049105
  },
  "getScoredTransactionSummaryByJournal" : {
    "transaction" : "getScoredTransactionSummaryByJournal",
    "sampleCount" : 3,
    "errorCount" : 3,
    "errorPct" : 100.0,
    "meanResTime" : 30149.666666666668,
    "minResTime" : 30132.0,
    "maxResTime" : 30166.0,
    "pct1ResTime" : 30166.0,
    "pct2ResTime" : 30166.0,
    "pct3ResTime" : 30166.0,
    "throughput" : 0.02855402421381253,
    "receivedKBytesPerSec" : 0.008030819310134775,
    "sentKBytesPerSec" : 0.019993393907523034
  },
  "(Parent) Generic AAI APIs" : {
    "transaction" : "(Parent) Generic AAI APIs",
    "sampleCount" : 3,
    "errorCount" : 0,
    "errorPct" : 0.0,
    "meanResTime" : 1016.3333333333334,
    "minResTime" : 609.0,
    "maxResTime" : 1745.0,
    "pct1ResTime" : 1745.0,
    "pct2ResTime" : 1745.0,
    "pct3ResTime" : 1745.0,
    "throughput" : 0.03965840890463475,
    "receivedKBytesPerSec" : 0.06932475775321895,
    "sentKBytesPerSec" : 0.08593946226502393
  },
  "getLookupList - USER" : {
    "transaction" : "getLookupList - USER",
    "sampleCount" : 3,
    "errorCount" : 0,
    "errorPct" : 0.0,
    "meanResTime" : 926.3333333333333,
    "minResTime" : 506.0,
    "maxResTime" : 1462.0,
    "pct1ResTime" : 1462.0,
    "pct2ResTime" : 1462.0,
    "pct3ResTime" : 1462.0,
    "throughput" : 0.03926495994974086,
    "receivedKBytesPerSec" : 0.01913399903800848,
    "sentKBytesPerSec" : 0.024502255281137114
  },
  "(Parent) Collab Login" : {
    "transaction" : "(Parent) Collab Login",
    "sampleCount" : 1,
    "errorCount" : 0,
    "errorPct" : 0.0,
    "meanResTime" : 2584.0,
    "minResTime" : 2584.0,
    "maxResTime" : 2584.0,
    "pct1ResTime" : 2584.0,
    "pct2ResTime" : 2584.0,
    "pct3ResTime" : 2584.0,
    "throughput" : 0.38699690402476783,
    "receivedKBytesPerSec" : 2.9629450464396285,
    "sentKBytesPerSec" : 0.6451208155959752
  },
  "Login_111 /qa-ihub-clean/CWCoreService/restricted/SessionService.svc/Login" : {
    "transaction" : "Login_111 /qa-ihub-clean/CWCoreService/restricted/SessionService.svc/Login",
    "sampleCount" : 1,
    "errorCount" : 0,
    "errorPct" : 0.0,
    "meanResTime" : 2584.0,
    "minResTime" : 2584.0,
    "maxResTime" : 2584.0,
    "pct1ResTime" : 2584.0,
    "pct2ResTime" : 2584.0,
    "pct3ResTime" : 2584.0,
    "throughput" : 0.38699690402476783,
    "receivedKBytesPerSec" : 2.9629450464396285,
    "sentKBytesPerSec" : 0.6451208155959752
  },
  "getQueryList" : {
    "transaction" : "getQueryList",
    "sampleCount" : 3,
    "errorCount" : 0,
    "errorPct" : 0.0,
    "meanResTime" : 199.33333333333334,
    "minResTime" : 152.0,
    "maxResTime" : 235.0,
    "pct1ResTime" : 235.0,
    "pct2ResTime" : 235.0,
    "pct3ResTime" : 235.0,
    "throughput" : 0.03992228461927448,
    "receivedKBytesPerSec" : 0.15206075922204776,
    "sentKBytesPerSec" : 0.023937776129135283
  },
  "getAppInfo" : {
    "transaction" : "getAppInfo",
    "sampleCount" : 3,
    "errorCount" : 0,
    "errorPct" : 0.0,
    "meanResTime" : 27.666666666666668,
    "minResTime" : 26.0,
    "maxResTime" : 31.0,
    "pct1ResTime" : 31.0,
    "pct2ResTime" : 31.0,
    "pct3ResTime" : 31.0,
    "throughput" : 0.04024198849079129,
    "receivedKBytesPerSec" : 0.01131805926303505,
    "sentKBytesPerSec" : 0.021024867033763026
  },
  "getLatestDataset" : {
    "transaction" : "getLatestDataset",
    "sampleCount" : 3,
    "errorCount" : 0,
    "errorPct" : 0.0,
    "meanResTime" : 260.3333333333333,
    "minResTime" : 75.0,
    "maxResTime" : 626.0,
    "pct1ResTime" : 626.0,
    "pct2ResTime" : 626.0,
    "pct3ResTime" : 626.0,
    "throughput" : 0.0402160944810113,
    "receivedKBytesPerSec" : 0.016809070740110194,
    "sentKBytesPerSec" : 0.021246979603737417
  },
  "getLoginInfo" : {
    "transaction" : "getLoginInfo",
    "sampleCount" : 3,
    "errorCount" : 0,
    "errorPct" : 0.0,
    "meanResTime" : 593.0,
    "minResTime" : 450.0,
    "maxResTime" : 874.0,
    "pct1ResTime" : 874.0,
    "pct2ResTime" : 874.0,
    "pct3ResTime" : 874.0,
    "throughput" : 0.03978885381575108,
    "receivedKBytesPerSec" : 0.02129325379983554,
    "sentKBytesPerSec" : 0.02164296052282554
  },
  "getScoredTransactionList" : {
    "transaction" : "getScoredTransactionList",
    "sampleCount" : 3,
    "errorCount" : 3,
    "errorPct" : 100.0,
    "meanResTime" : 30139.0,
    "minResTime" : 30116.0,
    "maxResTime" : 30158.0,
    "pct1ResTime" : 30158.0,
    "pct2ResTime" : 30158.0,
    "pct3ResTime" : 30158.0,
    "throughput" : 0.028554295993832274,
    "receivedKBytesPerSec" : 0.008030895748265326,
    "sentKBytesPerSec" : 0.01968684860512264
  },
  "getLookupList - ACCOUNT" : {
    "transaction" : "getLookupList - ACCOUNT",
    "sampleCount" : 3,
    "errorCount" : 0,
    "errorPct" : 0.0,
    "meanResTime" : 199.0,
    "minResTime" : 181.0,
    "maxResTime" : 226.0,
    "pct1ResTime" : 226.0,
    "pct2ResTime" : 226.0,
    "pct3ResTime" : 226.0,
    "throughput" : 0.03993291270665283,
    "receivedKBytesPerSec" : 0.021916305606580942,
    "sentKBytesPerSec" : 0.025036064411788194
  },
  "getAllSliceStatuses" : {
    "transaction" : "getAllSliceStatuses",
    "sampleCount" : 3,
    "errorCount" : 0,
    "errorPct" : 0.0,
    "meanResTime" : 216.66666666666666,
    "minResTime" : 190.0,
    "maxResTime" : 243.0,
    "pct1ResTime" : 243.0,
    "pct2ResTime" : 243.0,
    "pct3ResTime" : 243.0,
    "throughput" : 0.03991856612510479,
    "receivedKBytesPerSec" : 0.028613503452955966,
    "sentKBytesPerSec" : 0.02362368268731787
  },
  "getQuerySummary" : {
    "transaction" : "getQuerySummary",
    "sampleCount" : 3,
    "errorCount" : 3,
    "errorPct" : 100.0,
    "meanResTime" : 30147.666666666668,
    "minResTime" : 30143.0,
    "maxResTime" : 30157.0,
    "pct1ResTime" : 30157.0,
    "pct2ResTime" : 30157.0,
    "pct3ResTime" : 30157.0,
    "throughput" : 0.028551034975017844,
    "receivedKBytesPerSec" : 0.008029978586723769,
    "sentKBytesPerSec" : 0.019405781584582442
  },
  "Total" : {
    "transaction" : "Total",
    "sampleCount" : 52,
    "errorCount" : 24,
    "errorPct" : 46.153847,
    "meanResTime" : 14282.961538461537,
    "minResTime" : 26.0,
    "maxResTime" : 30259.0,
    "pct1ResTime" : 30178.6,
    "pct2ResTime" : 30208.85,
    "pct3ResTime" : 30259.0,
    "throughput" : 0.4282161503368085,
    "receivedKBytesPerSec" : 0.5048556468946094,
    "sentKBytesPerSec" : 0.46123627340777706
  },
  "getScoredTransactionSummaryByEnteredBy" : {
    "transaction" : "getScoredTransactionSummaryByEnteredBy",
    "sampleCount" : 3,
    "errorCount" : 3,
    "errorPct" : 100.0,
    "meanResTime" : 30166.666666666668,
    "minResTime" : 30123.0,
    "maxResTime" : 30193.0,
    "pct1ResTime" : 30193.0,
    "pct2ResTime" : 30193.0,
    "pct3ResTime" : 30193.0,
    "throughput" : 0.02855456777902572,
    "receivedKBytesPerSec" : 0.008030972187850984,
    "sentKBytesPerSec" : 0.020049545149530754
  },
  "getLookupList - JOURNAL" : {
    "transaction" : "getLookupList - JOURNAL",
    "sampleCount" : 3,
    "errorCount" : 0,
    "errorPct" : 0.0,
    "meanResTime" : 2890.3333333333335,
    "minResTime" : 1515.0,
    "maxResTime" : 4362.0,
    "pct1ResTime" : 4362.0,
    "pct2ResTime" : 4362.0,
    "pct3ResTime" : 4362.0,
    "throughput" : 0.03782911328558459,
    "receivedKBytesPerSec" : 0.020318371393624534,
    "sentKBytesPerSec" : 0.023717080790376273
  },
  "getScoredTransactionSummaryByRiskLevel" : {
    "transaction" : "getScoredTransactionSummaryByRiskLevel",