{
  "getTransactionSummaryByPeriod" : {
    "transaction" : "getTransactionSummaryByPeriod",
    "sampleCount" : 3,
    "errorCount" : 3,
    "errorPct" : 100.0,
    "meanResTime" : 40135.333333333336,
    "minResTime" : 30133.0,
    "maxResTime" : 60137.0,
    "pct1ResTime" : 60137.0,
    "pct2ResTime" : 60137.0,
    "pct3ResTime" : 60137.0,
    "throughput" : 0.02228147443943524,
    "receivedKBytesPerSec" : 0.006266664686091161,
    "sentKBytesPerSec" : 0.01623240227716669
  },
  "getScoredTransactionSummaryByJournal" : {
    "transaction" : "getScoredTransactionSummaryByJournal",
    "sampleCount" : 3,
    "errorCount" : 3,
    "errorPct" : 100.0,
    "meanResTime" : 30145.333333333332,
    "minResTime" : 30133.0,
    "maxResTime" : 30160.0,
    "pct1ResTime" : 30160.0,
    "pct2ResTime" : 30160.0,
    "pct3ResTime" : 30160.0,
    "throughput" : 0.022279157847833353,
    "receivedKBytesPerSec" : 0.0062660131447031305,
    "sentKBytesPerSec" : 0.0155997618915005
  },
  "(Parent) Generic AAI APIs" : {
    "transaction" : "(Parent) Generic AAI APIs",
    "sampleCount" : 3,
    "errorCount" : 0,
    "errorPct" : 0.0,
    "meanResTime" : 977.6666666666666,
    "minResTime" : 611.0,
    "maxResTime" : 1590.0,
    "pct1ResTime" : 1590.0,
    "pct2ResTime" : 1590.0,
    "pct3ResTime" : 1590.0,
    "throughput" : 0.02863825115746265,
    "receivedKBytesPerSec" : 0.0500050713569758,
    "sentKBytesPerSec" : 0.0620588665218844
  },
  "getLookupList - USER" : {
    "transaction" : "getLookupList - USER",
    "sampleCount" : 3,
    "errorCount" : 0,
    "errorPct" : 0.0,
    "meanResTime" : 866.3333333333334,
    "minResTime" : 556.0,
    "maxResTime" : 1214.0,
    "pct1ResTime" : 1214.0,
    "pct2ResTime" : 1214.0,
    "pct3ResTime" : 1214.0,
    "throughput" : 0.028371745524357145,
    "receivedKBytesPerSec" : 0.01382568458657638,
    "sentKBytesPerSec" : 0.017704634169984582
  },
  "(Parent) Collab Login" : {
    "transaction" : "(Parent) Collab Login",
    "sampleCount" : 1,
    "errorCount" : 0,
    "errorPct" : 0.0,
    "meanResTime" : 1432.0,
    "minResTime" : 1432.0,
    "maxResTime" : 1432.0,
    "pct1ResTime" : 1432.0,
    "pct2ResTime" : 1432.0,
    "pct3ResTime" : 1432.0,
    "throughput" : 0.6983240223463687,
    "receivedKBytesPerSec" : 5.383368976955308,
    "sentKBytesPerSec" : 1.1641006895949721
  },
  "Login_111 /qa-ihub-clean/CWCoreService/restricted/SessionService.svc/Login" : {
    "transaction" : "Login_111 /qa-ihub-clean/CWCoreService/restricted/SessionService.svc/Login",
    "sampleCount" : 1,
    "errorCount" : 0,
    "errorPct" : 0.0,
    "meanResTime" : 1432.0,
    "minResTime" : 1432.0,
    "maxResTime" : 1432.0,
    "pct1ResTime" : 1432.0,
    "pct2ResTime" : 1432.0,
    "pct3ResTime" : 1432.0,
    "throughput" : 0.6983240223463687,
    "receivedKBytesPerSec" : 5.383368976955308,
    "sentKBytesPerSec" : 1.1641006895949721
  },
  "getQueryList" : {
    "transaction" : "getQueryList",
    "sampleCount" : 3,
    "errorCount" : 0,
    "errorPct" : 0.0,
    "meanResTime" : 131.66666666666666,
    "minResTime" : 119.0,
    "maxResTime" : 152.0,
    "pct1ResTime" : 152.0,
    "pct2ResTime" : 152.0,
    "pct3ResTime" : 152.0,
    "throughput" : 0.028669998757633385,
    "receivedKBytesPerSec" : 0.10966834485708006,
    "sentKBytesPerSec" : 0.017190800036315332
  },
  "getAppInfo" : {
    "transaction" : "getAppInfo",
    "sampleCount" : 3,
    "errorCount" : 0,
    "errorPct" : 0.0,
    "meanResTime" : 27.333333333333332,
    "minResTime" : 26.0,
    "maxResTime" : 29.0,
    "pct1ResTime" : 29.0,
    "pct2ResTime" : 29.0,
    "pct3ResTime" : 29.0,
    "throughput" : 0.028922631959508317,
    "receivedKBytesPerSec" : 0.008134490238611715,
    "sentKBytesPerSec" : 0.015110945408532177
  },
  "getLatestDataset" : {
    "transaction" : "getLatestDataset",
    "sampleCount" : 3,
    "errorCount" : 0,
    "errorPct" : 0.0,
    "meanResTime" : 254.0,
    "minResTime" : 80.0,
    "maxResTime" : 598.0,
    "pct1ResTime" : 598.0,
    "pct2ResTime" : 598.0,
    "pct3ResTime" : 598.0,
    "throughput" : 0.02890786101100426,
    "receivedKBytesPerSec" : 0.012054352198924628,
    "sentKBytesPerSec" : 0.015272610163040335
  },
  "getLoginInfo" : {
    "transaction" : "getLoginInfo",
    "sampleCount" : 3,
    "errorCount" : 0,
    "errorPct" : 0.0,
    "meanResTime" : 607.3333333333334,
    "minResTime" : 455.0,
    "maxResTime" : 900.0,
    "pct1ResTime" : 900.0,
    "pct2ResTime" : 900.0,
    "pct3ResTime" : 900.0,
    "throughput" : 0.02868123673492801,
    "receivedKBytesPerSec" : 0.015292925055928412,
    "sentKBytesPerSec" : 0.015601024278666897
  },
  "getScoredTransactionList" : {
    "transaction" : "getScoredTransactionList",
    "sampleCount" : 3,
    "errorCount" : 3,
    "errorPct" : 100.0,
    "meanResTime" : 30291.0,
    "minResTime" : 30145.0,
    "maxResTime" : 30569.0,
    "pct1ResTime" : 30569.0,
    "pct2ResTime" : 30569.0,
    "pct3ResTime" : 30569.0,
    "throughput" : 0.022277999732664002,
    "receivedKBytesPerSec" : 0.006265687424811751,
    "sentKBytesPerSec" : 0.01535963653443436
  },
  "getLookupList - ACCOUNT" : {
    "transaction" : "getLookupList - ACCOUNT",
    "sampleCount" : 3,
    "errorCount" : 0,
    "errorPct" : 0.0,
    "meanResTime" : 167.33333333333334,
    "minResTime" : 134.0,
    "maxResTime" : 196.0,
    "pct1ResTime" : 196.0,
    "pct2ResTime" : 196.0,
    "pct3ResTime" : 196.0,
    "throughput" : 0.028653842480276602,
    "receivedKBytesPerSec" : 0.01572603464249556,
    "sentKBytesPerSec" : 0.01796461608626717
  },
  "getAllSliceStatuses" : {
    "transaction" : "getAllSliceStatuses",
    "sampleCount" : 3,
    "errorCount" : 0,
    "errorPct" : 0.0,
    "meanResTime" : 168.66666666666666,
    "minResTime" : 158.0,
    "maxResTime" : 190.0,
    "pct1ResTime" : 190.0,
    "pct2ResTime" : 190.0,
    "pct3ResTime" : 190.0,
    "throughput" : 0.02865740077374982,
    "receivedKBytesPerSec" : 0.020541535320246454,
    "sentKBytesPerSec" : 0.016959360223527727
  },
  "getQuerySummary" : {
    "transaction" : "getQuerySummary",
    "sampleCount" : 3,
    "errorCount" : 3,
    "errorPct" : 100.0,
    "meanResTime" : 30146.333333333332,
    "minResTime" : 30139.0,
    "maxResTime" : 30151.0,
    "pct1ResTime" : 30151.0,
    "pct2ResTime" : 30151.0,
    "pct3ResTime" : 30151.0,
    "throughput" : 0.022278826945498563,
    "receivedKBytesPerSec" : 0.00626592007842147,
    "sentKBytesPerSec" : 0.015142640189518553
  },
  "Total" : {
    "transaction" : "Total",
    "sampleCount" : 52,
    "errorCount" : 24,
    "errorPct" : 46.153847,
    "meanResTime" : 15372.711538461537,
    "minResTime" : 26.0,
    "maxResTime" : 60160.0,
    "pct1ResTime" : 30162.1,
    "pct2ResTime" : 40917.79999999983,
    "pct3ResTime" : 60160.0,
    "throughput" : 0.34667360013866944,
    "receivedKBytesPerSec" : 0.40968267282012305,
    "sentKBytesPerSec" : 0.3734059056181123
  },
  "getScoredTransactionSummaryByEnteredBy" : {
    "transaction" : "getScoredTransactionSummaryByEnteredBy",
    "sampleCount" : 3,
    "errorCount" : 3,
    "errorPct" : 100.0,
    "meanResTime" : 30137.333333333332,
    "minResTime" : 30133.0,
    "maxResTime" : 30145.0,
    "pct1ResTime" : 30145.0,
    "pct2ResTime" : 30145.0,
    "pct3ResTime" : 30145.0,
    "throughput" : 0.022279819681992705,
    "receivedKBytesPerSec" : 0.006266199285560449,
    "sentKBytesPerSec" : 0.015643740577492925
  },
  "getLookupList - JOURNAL" : {
    "transaction" : "getLookupList - JOURNAL",
    "sampleCount" : 3,
    "errorCount" : 0,
    "errorPct" : 0.0,
    "meanResTime" : 2359.6666666666665,
    "minResTime" : 1495.0,
    "maxResTime" : 2879.0,
    "pct1ResTime" : 2879.0,
    "pct2ResTime" : 2879.0,
    "pct3ResTime" : 2879.0,
    "throughput" : 0.027933741165954356,
    "receivedKBytesPerSec" : 0.015003474259057514,
    "sentKBytesPerSec" : 0.017513146316936228
  },